{
  "experiment": "lr1e4",
  "learning_rate": 0.0001,
  "n_layer": 6,
  "n_head": 6,
  "n_embd": 384,
  "block_size": 256,
  "dropout": 0.2,
  "max_iters": 5000,
  "final_train_loss": 1.1530871391296387,
  "final_val_loss": 1.5030105113983154,
  "training_time_min": 11.117921948432922
}