{
  "experiment": "lr5e4",
  "learning_rate": 0.0005,
  "n_layer": 6,
  "n_head": 6,
  "n_embd": 384,
  "block_size": 256,
  "dropout": 0.2,
  "max_iters": 5000,
  "final_train_loss": 0.7745534777641296,
  "final_val_loss": 1.6079620122909546,
  "training_time_min": 11.053570115566254
}