{
  "experiment": "iter5000",
  "learning_rate": 0.0005,
  "n_layer": 6,
  "n_head": 6,
  "n_embd": 384,
  "block_size": 256,
  "dropout": 0.1,
  "max_iters": 5000,
  "final_train_loss": 0.3670988082885742,
  "final_val_loss": 2.0699942111968994,
  "training_time_min": 11.06734718879064
}