{
  "experiment": "lr1e2",
  "learning_rate": 0.01,
  "n_layer": 6,
  "n_head": 6,
  "n_embd": 384,
  "block_size": 256,
  "dropout": 0.2,
  "max_iters": 5000,
  "final_train_loss": 1.2377945184707642,
  "final_val_loss": 1.5428619384765625,
  "training_time_min": 11.172630246480306
}