{
  "experiment": "baseline",
  "learning_rate": 0.001,
  "n_layer": 6,
  "n_head": 6,
  "n_embd": 384,
  "block_size": 256,
  "dropout": 0.2,
  "max_iters": 5000,
  "final_train_loss": 0.22266103327274323,
  "final_val_loss": 1.8821519613265991,
  "training_time_min": 11.032009315490722
}