{
  "experiment": "iter1000",
  "learning_rate": 0.0005,
  "n_layer": 6,
  "n_head": 6,
  "n_embd": 384,
  "block_size": 256,
  "dropout": 0.1,
  "max_iters": 1000,
  "final_train_loss": 1.3165807723999023,
  "final_val_loss": 1.5457510948181152,
  "training_time_min": 2.5000470678011575
}